Domain,Status,Attractiveness,Demand,Length,Sectors,Created,Expires,Registrar
brief.boutique,available,124,19%,5,"Business,Education,General,Law",,,
second.boutique,available,120,23%,6,"General,Mathematics",,,
flat.boutique,available,116,24%,4,"Construction,Real Estate",,,
tenth.boutique,available,116,7%,5,Mathematics,,,
above.boutique,available,112,22%,5,Business,,,
zero.boutique,resell,112,49%,4,Mathematics,14/02/2025 17:12,14/02/2026 17:12,"Sav.com, LLC"
abstract.boutique,available,108,29%,8,"Arts,Humanities,Science",,,
abiding.boutique,available,106,5%,7,"General,Religion",,,
absent.boutique,available,102,8%,6,"Business,Education,Technology",,,
eight.boutique,available,102,23%,5,"General,Mathematics",,,
captive.boutique,available,102,14%,7,"Entertainment,Hospitality,Technology",,,
eighth.boutique,available,100,6%,6,Mathematics,,,
ninth.boutique,available,100,9%,5,Mathematics,,,
crack.boutique,available,100,20%,5,Sports,,,
abrupt.boutique,available,100,3%,6,"Medicine,Science",,,
sixth.boutique,available,100,8%,5,Mathematics,,,
remove.boutique,available,100,13%,6,"Construction,Manufacturing,Technology",,,
third.boutique,available,100,16%,5,Mathematics,,,
alamode.boutique,available,96,12%,9,Fashion,,,
forgiving.boutique,available,96,3%,9,"Healthcare,Religion",,,
about.boutique,available,94,28%,5,"Business,General,Media,Technology",,,
around.boutique,available,94,22%,6,"Business,General,Media,Technology",,,
twentieth.boutique,available,92,3%,9,Mathematics,,,
nought.boutique,available,92,4%,6,Mathematics,,,
abroad.boutique,available,92,12%,6,"Hospitality,Travel",,,
leash.boutique,available,90,7%,5,"General,Health and Fitness,Retail",,,
clear.boutique,available,90,47%,5,"Manufacturing,Retail,Technology",,,
riveting.boutique,available,90,6%,8,"Entertainment,Media,Technology",,,
gripping.boutique,available,90,3%,8,"Entertainment,Media,Technology",,,
three.boutique,available,88,24%,5,Mathematics,,,
sixteen.boutique,available,88,11%,7,Mathematics,,,
ten.boutique,available,88,28%,3,"General,Mathematics",,,
hundred.boutique,available,88,14%,7,Mathematics,,,
fifteen.boutique,available,88,13%,7,Mathematics,,,
eleven.boutique,resell,88,33%,6,Mathematics,02/04/2025 15:15,02/04/2026 15:15,Domain Science Kutatási Szolgáltató Korlátolt Felelősségű Társaság
twelve.boutique,available,88,18%,6,"General,Mathematics",,,
ace.boutique,available,88,34%,3,Sports,,,
aboriginal.boutique,available,86,10%,10,Humanities,,,
recondite.boutique,available,86,4%,9,"Arts,Humanities,Science",,,
xiv.boutique,available,86,12%,3,Mathematics,,,
engrossing.boutique,available,86,0%,10,"Entertainment,Media,Technology",,,
cipher.boutique,available,86,29%,6,Mathematics,,,
xix.boutique,available,86,11%,3,Mathematics,,,
intent.boutique,available,86,25%,6,"Business,Education,Technology",,,
grand.boutique,available,84,25%,5,"Finance,General",,,
fourteen.boutique,available,84,8%,8,Mathematics,,,
twentyone.boutique,available,84,13%,10,Mathematics,,,
nineteen.boutique,available,84,8%,8,Mathematics,,,
deviate.boutique,available,84,12%,7,"Medicine,Science",,,
thousand.boutique,available,84,8%,8,Mathematics,,,
twentytwo.boutique,available,84,11%,10,Mathematics,,,
seventeen.boutique,available,84,7%,9,Mathematics,,,
enduring.boutique,available,82,9%,8,"Health and Fitness,Religion",,,
abdominal.boutique,available,82,1%,9,"Health and Fitness,Medicine",,,
abenaki.boutique,available,82,2%,7,Geography,,,
absorbent.boutique,available,82,3%,9,"Healthcare,Manufacturing,Retail",,,
abkhaz.boutique,available,82,1%,6,Geography,,,
decade.boutique,available,82,10%,6,Mathematics,,,
dozen.boutique,available,82,10%,5,Mathematics,,,
fivesome.boutique,available,82,1%,8,Sports,,,
cleansing.boutique,available,82,3%,9,Health and Fitness,,,
abroach.boutique,available,82,1%,7,Food and Beverage,,,
abundant.boutique,available,80,19%,8,"Agriculture,Manufacturing,Retail",,,
yard.boutique,available,80,26%,4,"Construction,General",,,
nine.boutique,expired,80,24%,4,"General,Mathematics",21/06/2024 17:00,21/06/2025 17:00,"Sav.com, LLC - 30"
first.boutique,resell,80,36%,5,"General,Mathematics",12/03/2022 13:15,12/03/2026 13:15,"Sav.com, LLC - 11"
forty.boutique,available,80,9%,5,Mathematics,,,
seventh.boutique,available,80,10%,7,Mathematics,,,
twenty.boutique,available,80,12%,6,Mathematics,,,
some.boutique,available,80,32%,4,"Business,Media,Retail",,,
dorsal.boutique,available,80,6%,6,"Medicine,Science",,,
two.boutique,resell,80,24%,3,Mathematics,17/04/2025 15:15,17/04/2026 15:15,Domain Science Kutatási Szolgáltató Korlátolt Felelősségű Társaság
absolute.boutique,available,80,25%,8,"Engineering,Mathematics,Science",,,
absorbable.boutique,available,80,0%,10,"Healthcare,Pharmaceuticals,Science",,,
able.boutique,available,80,29%,4,"Business,Education,General,Technology",,,
abkhasian.boutique,available,78,1%,9,Geography,,,
abounding.boutique,available,78,2%,9,Agriculture,,,
twentysix.boutique,available,78,8%,10,Mathematics,,,
absorptive.boutique,available,78,1%,10,"Healthcare,Manufacturing,Retail",,,
abkhazian.boutique,available,78,1%,9,Geography,,,
sixtynine.boutique,available,78,8%,10,Mathematics,,,
dormant.boutique,available,78,4%,7,"Medicine,Science",,,
honestly.boutique,available,78,9%,8,"Business,Law",,,
hundredth.boutique,available,76,1%,9,Mathematics,,,
thousandth.boutique,available,76,1%,10,Mathematics,,,
nineteenth.boutique,available,76,3%,10,Mathematics,,,
firstrate.boutique,available,76,6%,10,Business,,,
eighteen.boutique,available,76,7%,8,Mathematics,,,
fifteenth.boutique,available,76,2%,9,Mathematics,,,
thirteenth.boutique,available,76,4%,10,Mathematics,,,
threed.boutique,available,76,7%,7,Technology,,,
abrasive.boutique,available,76,6%,8,"Construction,Manufacturing",,,
fourteenth.boutique,available,76,1%,10,Mathematics,,,
aberrant.boutique,available,74,6%,8,"Medicine,Science",,,
cleared.boutique,available,74,7%,7,"Healthcare,Law,Transportation",,,
supra.boutique,available,74,25%,5,"Medicine,Science",,,
single.boutique,available,74,19%,6,Sports,,,
abloom.boutique,available,72,5%,6,Agriculture,,,
absolutist.boutique,available,72,1%,10,"Humanities,Law,Politics",,,
trey.boutique,available,72,14%,4,Sports,,,
ternary.boutique,available,72,7%,7,Mathematics,,,
sixtieth.boutique,available,72,1%,8,Mathematics,,,
liv.boutique,available,72,27%,3,Mathematics,,,
ninetieth.boutique,available,72,1%,9,Mathematics,,,
engrossed.boutique,available,72,1%,9,"Entertainment,Media,Technology",,,
eightieth.boutique,available,72,1%,9,Mathematics,,,
ablaze.boutique,available,72,6%,6,Entertainment,,,
trinity.boutique,available,72,18%,7,Religion,,,
abreast.boutique,available,72,2%,7,"Business,Technology",,,
absorbed.boutique,available,72,2%,8,"Entertainment,Media,Technology",,,
seventieth.boutique,available,72,1%,10,Mathematics,,,
abulic.boutique,available,70,1%,6,Medicine,,,
absorbing.boutique,available,70,3%,9,"Entertainment,Media,Technology",,,
abradant.boutique,available,70,1%,8,"Construction,Manufacturing",,,
fortieth.boutique,available,68,0%,8,Mathematics,,,
thirtieth.boutique,available,68,1%,9,Mathematics,,,
sevener.boutique,available,68,1%,7,Mathematics,,,
abkhas.boutique,available,68,0%,6,Geography,,,
ennead.boutique,available,68,5%,6,Mathematics,,,
octonary.boutique,available,68,1%,8,Mathematics,,,
vindicated.boutique,available,68,2%,10,"Humanities,Law,Politics",,,
aberdonian.boutique,available,68,1%,10,Geography,,,
overseas.boutique,available,68,12%,8,"Hospitality,Travel",,,
foursome.boutique,available,68,4%,8,Sports,,,
fiftieth.boutique,available,68,0%,8,Mathematics,,,
ablative.boutique,available,68,3%,8,Science,,,
abducent.boutique,available,68,0%,8,Medicine,,,
aroused.boutique,available,68,3%,7,"Entertainment,Health and Fitness",,,
septenary.boutique,available,68,1%,9,Mathematics,,,
ane.boutique,available,68,12%,3,Mathematics,,,
abnaki.boutique,available,68,1%,6,Geography,,,
threesome.boutique,available,68,5%,9,Entertainment,,,
deuce.boutique,available,66,9%,5,Sports,,,
century.boutique,resell,66,17%,7,Education,03/07/2025 15:00,03/07/2026 15:00,"GoDaddy.com, LLC"
onec.boutique,available,66,6%,5,Mathematics,,,
exonerated.boutique,available,66,2%,10,"Humanities,Law,Politics",,,
xxvi.boutique,available,66,3%,4,Mathematics,,,
xviii.boutique,available,66,5%,5,Mathematics,,,
modish.boutique,resell,66,5%,6,Fashion,04/07/2025 19:16,04/07/2026 19:16,"Spaceship, Inc."
xvi.boutique,available,66,5%,3,Mathematics,,,
sextet.boutique,available,66,1%,6,Entertainment,,,
five.boutique,available,66,26%,4,Mathematics,,,
four.boutique,available,66,27%,4,Mathematics,,,
fifty.boutique,available,66,12%,5,Mathematics,,,
clv.boutique,available,66,10%,3,Mathematics,,,
six.boutique,available,66,26%,3,Mathematics,,,
acappella.boutique,available,66,6%,10,Entertainment,,,
xxii.boutique,available,66,6%,4,Mathematics,,,
abstinent.boutique,available,66,1%,9,"Health and Fitness,Religion",,,
xvii.boutique,available,66,5%,4,Mathematics,,,
xii.boutique,available,66,10%,3,Mathematics,,,
xiii.boutique,available,66,9%,4,Mathematics,,,
latest.boutique,available,66,18%,6,Technology,,,
thirty.boutique,available,66,8%,6,Mathematics,,,
tenner.boutique,available,66,5%,6,Finance,,,
xxi.boutique,available,66,10%,3,Mathematics,,,
eighty.boutique,available,66,6%,6,Mathematics,,,
ninety.boutique,available,66,11%,6,Mathematics,,,
deviant.boutique,available,64,12%,7,"Medicine,Science",,,
aflame.boutique,available,64,3%,6,Entertainment,,,
nondrinker.boutique,available,64,1%,10,"Health and Fitness,Religion",,,
absolved.boutique,available,64,1%,8,"Humanities,Law,Religion",,,
wrapped.boutique,available,62,13%,7,"Fashion,Hospitality,Retail",,,
roughly.boutique,available,62,3%,7,"Business,Media,Technology",,,
longdozen.boutique,available,62,2%,10,Mathematics,,,
troika.boutique,available,62,8%,6,Politics,,,
twodozen.boutique,available,62,1%,9,Mathematics,,,
aborigine.boutique,available,62,1%,9,Humanities,,,
eighteenth.boutique,available,62,1%,10,Mathematics,,,
eleventh.boutique,available,62,5%,8,Mathematics,,,
quartet.boutique,available,62,7%,7,"Arts,Entertainment",,,
fortyfour.boutique,available,62,6%,10,Mathematics,,,
chiliad.boutique,available,62,2%,7,Mathematics,,,
aufait.boutique,available,62,3%,7,"Fashion,Media",,,
exculpated.boutique,available,62,1%,10,"Humanities,Law,Politics",,,
orso.boutique,available,62,9%,5,"Business,Media,Technology",,,
sixteenth.boutique,available,62,1%,9,Mathematics,,,
abo.boutique,available,62,15%,3,Science,,,
cxx.boutique,available,60,10%,3,Mathematics,,,
clx.boutique,available,60,10%,3,Mathematics,,,
sixty.boutique,available,60,13%,5,Mathematics,,,
xcl.boutique,available,60,5%,3,Mathematics,,,
cxxxv.boutique,available,60,2%,5,Mathematics,,,
clxxv.boutique,available,60,1%,5,Mathematics,,,
eightysix.boutique,available,60,7%,10,Mathematics,,,
aboveboard.boutique,available,60,5%,10,"Business,Law",,,
clxxx.boutique,available,60,1%,5,Mathematics,,,
cxl.boutique,available,60,7%,3,Mathematics,,,
cxxx.boutique,available,60,4%,4,Mathematics,,,
abstainer.boutique,available,60,0%,9,"Health and Fitness,Religion",,,
abashed.boutique,available,60,1%,7,Humanities,,,
paunchy.boutique,available,60,0%,7,"Health and Fitness,Medicine",,,
clxx.boutique,available,60,3%,4,Mathematics,,,
cxxv.boutique,available,60,1%,4,Mathematics,,,
tertiary.boutique,available,60,4%,8,Education,,,
clxv.boutique,available,60,1%,4,Mathematics,,,
abstemious.boutique,available,60,0%,10,"Food and Beverage,Health and Fitness,Hospitality",,,
cxlv.boutique,available,60,2%,4,Mathematics,,,
thou.boutique,available,60,7%,4,Mathematics,,,
cxv.boutique,available,60,4%,3,Mathematics,,,
justabout.boutique,available,58,3%,10,"Business,Media,Technology",,,
aucourant.boutique,available,58,3%,10,"Fashion,Media",,,
pentad.boutique,available,58,2%,6,Mathematics,,,
centesimal.boutique,available,58,1%,10,Mathematics,,,
heptad.boutique,available,58,1%,6,Mathematics,,,
abuzz.boutique,available,58,5%,5,"Entertainment,Media,Technology",,,
octad.boutique,available,58,5%,5,Mathematics,,,
fourscore.boutique,available,58,4%,9,Mathematics,,,
sextuplet.boutique,available,58,1%,9,Healthcare,,,
sixtyone.boutique,available,58,3%,9,Mathematics,,,
hexad.boutique,available,58,4%,5,Mathematics,,,
alacarte.boutique,available,58,11%,10,Food and Beverage,,,
enwrapped.boutique,available,58,0%,9,"Entertainment,Fashion,Media",,,
closeto.boutique,available,58,3%,8,"Business,Media,Technology",,,
eighter.boutique,available,58,2%,7,Mathematics,,,
twelfth.boutique,available,58,2%,7,Mathematics,,,
fifth.boutique,available,58,12%,5,Mathematics,,,
tetrad.boutique,available,58,5%,6,Mathematics,,,
seventy.boutique,available,58,7%,7,Mathematics,,,
cypher.boutique,available,58,29%,6,Mathematics,,,
niner.boutique,available,58,5%,5,Mathematics,,,
lxxx.boutique,available,58,2%,4,Mathematics,,,
sixer.boutique,available,58,5%,5,Sports,,,
fourth.boutique,available,58,13%,6,Mathematics,,,
abridged.boutique,available,58,4%,8,Media,,,
super.boutique,available,58,47%,5,Business,,,
xxxvii.boutique,available,56,2%,6,Mathematics,,,
xxxviii.boutique,available,56,1%,7,Mathematics,,,
thirtytwo.boutique,available,56,5%,10,Mathematics,,,
xxxiii.boutique,available,56,2%,6,Mathematics,,,
xxxv.boutique,available,56,4%,4,Mathematics,,,
xxxvi.boutique,available,56,1%,5,Mathematics,,,
xxiii.boutique,available,56,5%,5,Mathematics,,,
xlv.boutique,available,56,6%,3,Mathematics,,,
xxxii.boutique,available,56,1%,5,Mathematics,,,
liii.boutique,available,56,4%,4,Mathematics,,,
xlvi.boutique,available,56,3%,4,Mathematics,,,
aone.boutique,available,56,15%,5,Food and Beverage,,,
abeyant.boutique,available,56,1%,7,"Business,Law",,,
ilx.boutique,available,56,5%,3,Mathematics,,,
halfdozen.boutique,available,56,1%,10,Mathematics,,,
xlii.boutique,available,56,5%,4,Mathematics,,,
xxiv.boutique,available,56,5%,4,Mathematics,,,
fiftysix.boutique,available,56,4%,9,Mathematics,,,
fiftyfive.boutique,available,56,7%,10,Mathematics,,,
lvi.boutique,available,56,8%,3,Mathematics,,,
thirtysix.boutique,available,56,5%,10,Mathematics,,,
xlviii.boutique,available,56,1%,6,Mathematics,,,
xliii.boutique,available,56,1%,5,Mathematics,,,
xxvii.boutique,available,56,3%,5,Mathematics,,,
fiftyfour.boutique,available,56,3%,10,Mathematics,,,
xli.boutique,available,56,5%,3,Mathematics,,,
xliv.boutique,available,56,2%,4,Mathematics,,,
xxviii.boutique,available,56,1%,6,Mathematics,,,
thirtyone.boutique,available,56,5%,10,Mathematics,,,
fortynine.boutique,available,56,3%,10,Mathematics,,,
fortysix.boutique,available,56,3%,9,Mathematics,,,
xlvii.boutique,available,56,2%,5,Mathematics,,,
fortyone.boutique,available,56,4%,9,Mathematics,,,
potbellied.boutique,available,56,0%,10,"Health and Fitness,Medicine",,,
fiftynine.boutique,available,56,4%,10,Mathematics,,,
fiftytwo.boutique,available,56,6%,9,Mathematics,,,
fortytwo.boutique,available,56,17%,9,Mathematics,,,
lviii.boutique,available,56,1%,5,Mathematics,,,
xxxi.boutique,available,56,9%,4,Mathematics,,,
xxxiv.boutique,available,56,1%,5,Mathematics,,,
xxix.boutique,available,56,4%,4,Mathematics,,,
abdominous.boutique,available,56,0%,10,"Health and Fitness,Medicine",,,
lii.boutique,available,56,7%,3,Mathematics,,,
lvii.boutique,available,56,1%,4,Mathematics,,,
fiftyone.boutique,available,56,7%,9,Mathematics,,,
quatern.boutique,available,54,2%,7,Mathematics,,,
quaternion.boutique,available,54,6%,10,Mathematics,,,
vii.boutique,available,54,13%,3,Mathematics,,,
fortyfive.boutique,available,54,4%,10,Mathematics,,,
abasic.boutique,available,54,1%,6,Science,,,
abducens.boutique,available,54,1%,8,Medicine,,,
twoscore.boutique,available,54,2%,8,Mathematics,,,
abient.boutique,available,54,1%,6,Science,,,
scratchy.boutique,available,54,3%,8,Fashion,,,
abatable.boutique,available,54,1%,8,Law,,,
deuceace.boutique,available,54,2%,9,Sports,,,
topnotch.boutique,resell,54,18%,8,Business,08/07/2025 19:03,08/07/2026 19:03,"Spaceship, Inc."
abaxial.boutique,available,54,1%,7,Science,,,
viii.boutique,available,54,6%,4,Mathematics,,,
aboral.boutique,available,54,2%,6,Science,,,
quaternity.boutique,available,54,4%,10,Mathematics,,,
threescore.boutique,available,54,1%,10,Mathematics,,,
abatic.boutique,available,54,1%,6,Science,,,
chagrined.boutique,available,52,1%,9,Humanities,,,
eightyone.boutique,available,52,3%,10,Mathematics,,,
lxxiii.boutique,available,52,1%,6,Mathematics,,,
xcvi.boutique,available,52,2%,4,Mathematics,,,
ixl.boutique,available,52,9%,3,Mathematics,,,
ixc.boutique,available,52,5%,3,Mathematics,,,
lxxxv.boutique,available,52,1%,5,Mathematics,,,
lxxiv.boutique,available,52,1%,5,Mathematics,,,
xcvii.boutique,available,52,1%,5,Mathematics,,,
lxxii.boutique,available,52,1%,5,Mathematics,,,
lxxxvi.boutique,available,52,1%,6,Mathematics,,,
lxxv.boutique,available,52,1%,4,Mathematics,,,
lxvi.boutique,available,52,3%,4,Mathematics,,,
lxiii.boutique,available,52,2%,5,Mathematics,,,
ninetytwo.boutique,available,52,4%,10,Mathematics,,,
eightytwo.boutique,available,52,4%,10,Mathematics,,,
lxxxiv.boutique,available,52,1%,6,Mathematics,,,
lxxxi.boutique,available,52,1%,5,Mathematics,,,
lxxi.boutique,available,52,1%,4,Mathematics,,,
xcii.boutique,available,52,2%,4,Mathematics,,,
lxviii.boutique,available,52,1%,6,Mathematics,,,
sixtytwo.boutique,available,52,3%,9,Mathematics,,,
xcviii.boutique,available,52,1%,6,Mathematics,,,
xciii.boutique,available,52,1%,5,Mathematics,,,
lxi.boutique,available,52,5%,3,Mathematics,,,
xciv.boutique,available,52,2%,4,Mathematics,,,
aboulic.boutique,available,52,1%,7,Medicine,,,
lxii.boutique,available,52,1%,4,Mathematics,,,
abstruse.boutique,available,52,5%,8,"Humanities,Mathematics,Science",,,
lxv.boutique,available,52,5%,3,Mathematics,,,
lxxvii.boutique,available,52,2%,6,Mathematics,,,
ninetysix.boutique,available,52,4%,10,Mathematics,,,
sixtyfour.boutique,available,52,3%,10,Mathematics,,,
lxiv.boutique,available,52,3%,4,Mathematics,,,
ninetyone.boutique,available,52,5%,10,Mathematics,,,
lxxxiii.boutique,available,52,1%,7,Mathematics,,,
lxxxvii.boutique,available,52,1%,7,Mathematics,,,
lxxxii.boutique,available,52,1%,6,Mathematics,,,
xcv.boutique,available,52,7%,3,Mathematics,,,
ablated.boutique,available,52,1%,7,Science,,,
xci.boutique,available,52,4%,3,Mathematics,,,
lxxvi.boutique,available,52,1%,5,Mathematics,,,
lxvii.boutique,available,52,1%,5,Mathematics,,,
sixtyfive.boutique,available,52,3%,10,Mathematics,,,
sixtysix.boutique,available,52,4%,9,Mathematics,,,
abbatial.boutique,available,50,0%,8,Religion,,,
abducting.boutique,available,50,0%,9,Medicine,,,
broached.boutique,available,50,0%,8,Food and Beverage,,,
abomasal.boutique,available,50,0%,8,Agriculture,,,
gillless.boutique,available,50,0%,9,Science,,,
abdicable.boutique,available,50,0%,9,Law,,,
triplet.boutique,available,50,8%,7,Science,,,
cinque.boutique,available,50,7%,6,Mathematics,,,
abranchial.boutique,available,50,0%,10,Science,,,
lxx.boutique,available,50,5%,3,Mathematics,,,
ogdoad.boutique,available,50,1%,6,Mathematics,,,
abactinal.boutique,available,50,0%,9,Science,,,
lxxxviii.boutique,available,48,1%,8,Mathematics,,,
apriori.boutique,available,48,13%,8,Mathematics,,,
quaternary.boutique,available,46,3%,10,Mathematics,,,